{"accuracy": 0.5498600006103516, "loss": 1.2673250436782837, "val_accuracy": 0.12439999729394913, "val_loss": 3.520158529281616, "_timestamp": 1718686217.042565, "_runtime": 591.4961400032043, "_step": 2, "_wandb": {"runtime": 591}}