{"val_loss": 3.0713162422180176, "val_accuracy": 0.0, "_timestamp": 1718686867.9353259, "_runtime": 1.1182208061218262, "_step": 0, "_wandb": {"runtime": 0}}