{"accuracy": 0.3727799952030182, "loss": 1.7118897438049316, "val_accuracy": 0.16830000281333923, "val_loss": 2.6656384468078613, "_timestamp": 1718686776.0132124, "_runtime": 555.8677403926849, "_step": 2, "_wandb": {"runtime": 572}}