{"val_loss": 2.6014018058776855, "val_accuracy": 0.0, "_timestamp": 1718686877.8061352, "_runtime": 0.9574601650238037, "_step": 0, "_wandb": {"runtime": 0}}