{"Accuracy": 0.184, "_timestamp": 1718686823.5212586, "_runtime": 0.6071536540985107, "_step": 11, "_wandb": {"runtime": 0}}